{"IYzoCQWb2Xmaf3H8OF9wNQ==":"adobe%20scan%20mar%2007,%202023%20(1)_page-1-1275x1275.jpg","U+GyMy4/05sYI9G+62LETQ==":"whatsapp%20image%202023-03-29%20at%2010.55.11%20pm-616x616.jpg","w23Q/LIQhD2UoB0qqVv3AA==":"untitled%20document%20(2)-614x795.jpeg","KTDn7Lqx/vRFE7OEeQLkNA==":"energy-843x1193.jpg","xlRBEZlJXP1OW1v0X0yxbA==":"energy-843x1193.jpeg","hxC1clYRJCfu3XEKbRJNUA==":"energy-1-843x1193.jpeg","7JZh0NmCzFtKSeibyK9OSA==":"adobe%20scan%20mar%2007,%202023%20(1)_page-1-616x616.jpg","65IEyUugkRfj+1kLWgEfWg==":"whatsapp%20image%202023-03-29%20at%2011.02.31%20pm-614x515.jpg","6iT9IgAHl/PYO9cWGRRPZA==":"poster-620x465.jpg","q/RcoyXx3tUPl1cHIttV5w==":"startup-614x410.jpg","Ws64+R3iOPqRkp6DDI4Bkw==":"problem%20solution-620x466.jpg","WZAVHtvATQerT/jasoaRvA==":"poster%20present-594x334.jpg","NN4xyOziKak0dj7sTRxkyg==":"my%20story-620x620.jpg","U06c78t6CHCZVswoxa4wvQ==":"my%20story-620x620.jpeg","K843yLH2P+JSfmnhr0fXDA==":"my%20story-620x620.jpeg","Xs9Oe/Ur2csSPMz3rDcGyw==":"my%20story-620x1378.jpeg","otkXJg/Erccpmc9/G58hgA==":"my%20story-620x1378.jpeg","RnrTXqKJvQDz2olMLmO69A==":"energy-594x841.jpg","IABwFIKrkkQbff1KALWUlQ==":"my%20story-720x1600.jpg","I60TxE5IasxlxVmB58BxQQ==":"my%20story-720x1600.jpeg","Y4ip2LfFQob8JRiiY8Kqnw==":"my%20story-720x1600.jpeg","/1OPaN4uqciIDlGpL3b2WA==":"my%20story-720x1600.jpeg","U+A12pWaYjr5dJfAh5qNvQ==":"bmw-1275x927.jpg","S705FGBf+KZD3v0mCwZIUw==":"pollution%20control-624x283.jpg","bM9cCcDCZuPuoxZwCZA9IQ==":"orientation%205.0-1184x1280.jpg","p8qH+NE/u3HM76eIAGO38Q==":"industry%20conclave-1280x850.jpg","dUfQP0XJ3G+A9/NcXSg6kQ==":"leadership-827x1261.jpg","gJXhO6XNigYsBA8YHJg3aQ==":"leadership-827x1261.jpeg","6oeKmdlJYLMPhwpsTnoJlg==":"leadership-1-827x1261.jpeg","Qiq5EUj0ah2W+bE5AZlYaA==":"bmw-766x777.jpg","+DOwMIda/tVRFL2rx4N0XA==":"computational-1024x702.jpg","lolpJQk3m5JxVJcNO3Nc4g==":"fablab-1131x1600.jpg","SdmLsfxSXT8jIrRGEIWHbA==":"maker-602x452.jpg","LGgaTZJJIPPCRV+RQWdA5w==":"explore-1600x1201.jpg","nNWRun4Gso49jZfC/zfBtg==":"eunterp-624x351.jpg","NoynzOTiXI6H/W91jz0TPQ==":"ed%20day-590x1280.jpg","+KJMjnN2LmDDmJhTkYjQoQ==":"ed%20day-590x1280.jpeg","M6Qn6Gb5yKyeCuGeiy9pwQ==":"energy-2-843x1193.jpeg","F4KfQC5bcZNUCZmFcARdzQ==":"critic-1080x1080.jpg","zEPjGULbGuqdax0BVWY/AQ==":"critic-1080x1080.jpeg","7SzXIoNUu7m+TpY6ag6rJg==":"critic-1-1080x1080.jpeg","/UTPRz2669qrSWpcMbGQJQ==":"critic-2-1080x1080.jpeg","a9rWCJelcI1Iqpuvu6By/w==":"critic-720x1600.jpg","7TWRW4mssprtHAKAuIsPZQ==":"critic-720x1600.jpeg","G5I+pdnHbT0PJPs+K5mYhQ==":"science-628x785.jpg","mGb+ugZBK+AZfO8+6VGCAg==":"bg-1375x946.jpg","8E/hnwVuex905fP9BbVFdA==":"whatsapp%20image%202023-03-30%20at%2012.17.39%20am-1600x914.jpg","CjFl43wAhMR1bh6EW65qrw==":"industry%20conclave-859x570.jpg","DW9BXReUC+KLVbIztYxNJg==":"industry%20conclave-859x570.jpeg","E5JP4sbkZMCBQWmvi9o2MA==":"logo-96x96.jpg","qRPhEtg2G+VBf/jr+WADtQ==":"logo-1-96x96.jpg","PigewYAeoHeiRuQOEjhN+w==":"institutions_innovation_council_iic-96x41.png","XYfGDI0UvXTVlMP3ETiMyA==":"institutions_innovation_council_iic%20(1)-359x155.png","lWGuxlvcq0JltJ88axy7FQ==":"science-628x785.jpeg","E8XvC2sN7GcFjFedevwbCw==":"science-540x1170.jpg","1jwT7I75Nm4Tql4XA8Y4+A==":"energy-614x869.jpg","xjzpMpZTYCsQsm04AgfRvQ==":"energy-614x869.jpeg","vDBWFCEGmqnqGM7+UVUabg==":"background2.jpg"}